{
    "[L2] Q: What arrow is shown?": 0.4838709677419355,
    "[L2] Q: What restriction ends?": 0.5333333333333333,
    "[L1] Q: Does the triangle have an exclamation mark?": 0.705,
    "[L10] Q: Does it depict pedestrian?": 0.7058823529411765,
    "[L2] Q: Does it depict a left curve?": 0.7203389830508474,
    "[L3] Q: Does it have a diagonal strike bar?": 0.723404255319149,
    "[L4] Q: What does it prohibit?": 0.7352941176470589,
    "[L2] Q: Does it contain numbers?": 0.8383561643835616,
    "[L3] Q: What is the number?": 0.8455598455598455,
    "[L1] Q: What's the circle color?": 0.9016100178890877,
    "[L7] Q: Does it depict merging/narrow lanes?": 0.9152542372881356,
    "[L5] Q: Does it depict rough/bumpy road?": 0.9285714285714286,
    "[L3] Q: Does it depict right curve?": 0.9382716049382716,
    "[L4] Q: Does it depict double curve?": 0.9722222222222222,
    "[L9] Q: Does it depict traffic light?": 0.972972972972973,
    "[L0] Q: What's the sign's primary shape?": 0.9733629300776915,
    "[L8] Q: Does it depict construction/road work?": 0.9807692307692307,
    "[L6] Q: Does it depict slippery road?": 1.0,
    "[L11] Q: Does it depict child and pedestrian?": 1.0,
    "[L12] Q: Does it depict bicycle?": 1.0,
    "[L13] Q: Does it depict ice/snow?": 1.0,
    "[L14] Q: Does it depict deer?": 1.0
}