{
    "CIFAR10": {
        "LLAMA": {
            "RunId_0": 0.36699999999999994,
            "RunId_1": 0.51,
            "RunId_2": 0.43100000000000005,
            "RunId_3": 0.36100000000000004,
            "RunId_4": 0.4119999999999999,
            "RunId_5": 0.41600000000000004,
            "RunId_6": 0.409,
            "RunId_7": 0.45099999999999996,
            "RunId_8": 0.40099999999999997,
            "RunId_9": 0.45499999999999996
        },
        "Qwen VL Max": {
            "RunId_0": 0.776,
            "RunId_1": 0.784,
            "RunId_2": 0.7649999999999999,
            "RunId_3": 0.501,
            "RunId_4": 0.7769999999999999,
            "RunId_5": 0.57,
            "RunId_6": 0.7849999999999999,
            "RunId_7": 0.569,
            "RunId_8": 0.786,
            "RunId_9": 0.788
        },
        "GPT-4o": {
            "RunId_0": 0.8789999999999999,
            "RunId_1": 0.8620000000000001,
            "RunId_2": 0.8869999999999999,
            "RunId_3": 0.865,
            "RunId_4": 0.897,
            "RunId_5": 0.8949999999999999,
            "RunId_6": 0.867,
            "RunId_7": 0.8719999999999999,
            "RunId_8": 0.7989999999999999,
            "RunId_9": 0.885
        }
    },
    "GTSRB": {
        "LLAMA": {
            "RunId_0": 0.2997960164453528,
            "RunId_1": 0.16363649359203397,
            "RunId_2": 0.16842287103788622,
            "RunId_3": 0.17739485572560063,
            "RunId_4": 0.11634675298035621,
            "RunId_5": 0.10793996401183438,
            "RunId_6": 0.17785761311500323,
            "RunId_7": 0.09548346963873641,
            "RunId_8": 0.06956458270411758,
            "RunId_9": 0.08275177666638144
        },
        "Qwen VL Max": {
            "RunId_0": 0.39506741332043527,
            "RunId_1": 0.40109133540954284,
            "RunId_2": 0.3803607890184498,
            "RunId_3": 0.39550788628511224,
            "RunId_4": 0.023255813953488372,
            "RunId_5": 0.37663935101468554,
            "RunId_6": 0.38744251989895234,
            "RunId_7": 0.16146395556108278,
            "RunId_8": 0.19986252170588695,
            "RunId_9": 0.3889944526594738
        },
        "GPT-4o": {
            "RunId_0": 0.7001112605239904,
            "RunId_1": 0.5759193599940154,
            "RunId_2": 0.8486956521739132,
            "RunId_3": 0.6274242851860934,
            "RunId_4": 0.5359729257266117,
            "RunId_5": 0.5165151685625221,
            "RunId_6": 0.6296052745599844,
            "RunId_7": 0.5511454118252082,
            "RunId_8": 0.7866666666666667,
            "RunId_9": 0.5987656198356759
        }
    }
}